group,function,value,sample_time_nanos,iteration_count
Generate grid 10 (my method),,,997821.0,2789
Generate grid 10 (my method),,,1994498.0,5578
Generate grid 10 (my method),,,2993454.0,8367
Generate grid 10 (my method),,,3988958.0,11156
Generate grid 10 (my method),,,5000343.0,13945
Generate grid 10 (my method),,,5986003.0,16734
Generate grid 10 (my method),,,6993620.0,19523
Generate grid 10 (my method),,,7979619.0,22312
Generate grid 10 (my method),,,8977824.0,25101
Generate grid 10 (my method),,,9974699.0,27890
Generate grid 10 (my method),,,10969888.0,30679
Generate grid 10 (my method),,,11967612.0,33468
Generate grid 10 (my method),,,12966012.0,36257
Generate grid 10 (my method),,,13964112.0,39046
Generate grid 10 (my method),,,14966459.0,41835
Generate grid 10 (my method),,,15957586.0,44624
Generate grid 10 (my method),,,16970277.0,47413
Generate grid 10 (my method),,,17958949.0,50202
Generate grid 10 (my method),,,18949546.0,52991
Generate grid 10 (my method),,,19946992.0,55780
Generate grid 10 (my method),,,20940858.0,58569
Generate grid 10 (my method),,,22028612.0,61358
Generate grid 10 (my method),,,22938068.0,64147
Generate grid 10 (my method),,,23933440.0,66936
Generate grid 10 (my method),,,24932227.0,69725
Generate grid 10 (my method),,,25930046.0,72514
Generate grid 10 (my method),,,26931682.0,75303
Generate grid 10 (my method),,,27935309.0,78092
Generate grid 10 (my method),,,28925536.0,80881
Generate grid 10 (my method),,,29915516.0,83670
Generate grid 10 (my method),,,30916703.0,86459
Generate grid 10 (my method),,,31918273.0,89248
Generate grid 10 (my method),,,32909660.0,92037
Generate grid 10 (my method),,,33909929.0,94826
Generate grid 10 (my method),,,34906318.0,97615
Generate grid 10 (my method),,,35902218.0,100404
Generate grid 10 (my method),,,36906609.0,103193
Generate grid 10 (my method),,,37892118.0,105982
Generate grid 10 (my method),,,38892699.0,108771
Generate grid 10 (my method),,,39895540.0,111560
Generate grid 10 (my method),,,40885902.0,114349
Generate grid 10 (my method),,,41886827.0,117138
Generate grid 10 (my method),,,42887261.0,119927
Generate grid 10 (my method),,,43884283.0,122716
Generate grid 10 (my method),,,44879287.0,125505
Generate grid 10 (my method),,,45877950.0,128294
Generate grid 10 (my method),,,46993139.0,131083
Generate grid 10 (my method),,,47866363.0,133872
Generate grid 10 (my method),,,48867152.0,136661
Generate grid 10 (my method),,,49946865.0,139450
Generate grid 10 (my method),,,50856843.0,142239
Generate grid 10 (my method),,,51860957.0,145028
Generate grid 10 (my method),,,52860158.0,147817
Generate grid 10 (my method),,,53849406.0,150606
Generate grid 10 (my method),,,54851587.0,153395
Generate grid 10 (my method),,,55845089.0,156184
Generate grid 10 (my method),,,56843939.0,158973
Generate grid 10 (my method),,,57862520.0,161762
Generate grid 10 (my method),,,58842590.0,164551
Generate grid 10 (my method),,,59840911.0,167340
Generate grid 10 (my method),,,60833946.0,170129
Generate grid 10 (my method),,,61838100.0,172918
Generate grid 10 (my method),,,62832003.0,175707
Generate grid 10 (my method),,,63832513.0,178496
Generate grid 10 (my method),,,64840261.0,181285
Generate grid 10 (my method),,,65822426.0,184074
Generate grid 10 (my method),,,66851594.0,186863
Generate grid 10 (my method),,,67816977.0,189652
Generate grid 10 (my method),,,68808328.0,192441
Generate grid 10 (my method),,,69821322.0,195230
Generate grid 10 (my method),,,70812015.0,198019
Generate grid 10 (my method),,,71804440.0,200808
Generate grid 10 (my method),,,72798053.0,203597
Generate grid 10 (my method),,,73805715.0,206386
Generate grid 10 (my method),,,74813830.0,209175
Generate grid 10 (my method),,,75793873.0,211964
Generate grid 10 (my method),,,76791381.0,214753
Generate grid 10 (my method),,,77785886.0,217542
Generate grid 10 (my method),,,78911262.0,220331
Generate grid 10 (my method),,,79788113.0,223120
Generate grid 10 (my method),,,81040684.0,225909
Generate grid 10 (my method),,,81784749.0,228698
Generate grid 10 (my method),,,82772157.0,231487
Generate grid 10 (my method),,,83778604.0,234276
Generate grid 10 (my method),,,84783232.0,237065
Generate grid 10 (my method),,,85772882.0,239854
Generate grid 10 (my method),,,86770450.0,242643
Generate grid 10 (my method),,,87770546.0,245432
Generate grid 10 (my method),,,88764628.0,248221
Generate grid 10 (my method),,,89775249.0,251010
Generate grid 10 (my method),,,90767067.0,253799
Generate grid 10 (my method),,,91817497.0,256588
Generate grid 10 (my method),,,92768318.0,259377
Generate grid 10 (my method),,,93766556.0,262166
Generate grid 10 (my method),,,94747479.0,264955
Generate grid 10 (my method),,,95753414.0,267744
Generate grid 10 (my method),,,96747618.0,270533
Generate grid 10 (my method),,,97725477.0,273322
Generate grid 10 (my method),,,98734769.0,276111
Generate grid 10 (my method),,,99726016.0,278900
