{"Mean":{"confidence_interval":{"confidence_level":0.95,"lower_bound":7990.358091366585,"upper_bound":8002.097889604422},"point_estimate":7994.833574292966,"standard_error":3.1169477179076925},"Median":{"confidence_interval":{"confidence_level":0.95,"lower_bound":7988.282762096775,"upper_bound":7991.763589922386},"point_estimate":7989.80380003089,"standard_error":0.8052967005016359},"MedianAbsDev":{"confidence_interval":{"confidence_level":0.95,"lower_bound":4.561297681609604,"upper_bound":7.410450171407011},"point_estimate":5.934706945927109,"standard_error":0.7469512376378384},"Slope":{"confidence_interval":{"confidence_level":0.95,"lower_bound":7988.658449585363,"upper_bound":7991.24979411674},"point_estimate":7989.894432325756,"standard_error":0.6601020498585417},"StdDev":{"confidence_interval":{"confidence_level":0.95,"lower_bound":6.034469939477466,"upper_bound":51.8538869441084},"point_estimate":31.24543467459084,"standard_error":14.332485139474368}}