group,function,value,sample_time_nanos,iteration_count
Generate grid 50 (my method),,,991580.0,124
Generate grid 50 (my method),,,1986251.0,248
Generate grid 50 (my method),,,2972916.0,372
Generate grid 50 (my method),,,3963245.0,496
Generate grid 50 (my method),,,4965057.0,620
Generate grid 50 (my method),,,5945947.0,744
Generate grid 50 (my method),,,6947987.0,868
Generate grid 50 (my method),,,7940504.0,992
Generate grid 50 (my method),,,9242725.0,1116
Generate grid 50 (my method),,,9900045.0,1240
Generate grid 50 (my method),,,10904207.0,1364
Generate grid 50 (my method),,,11894503.0,1488
Generate grid 50 (my method),,,12887233.0,1612
Generate grid 50 (my method),,,13883616.0,1736
Generate grid 50 (my method),,,14876181.0,1860
Generate grid 50 (my method),,,15861951.0,1984
Generate grid 50 (my method),,,16836085.0,2108
Generate grid 50 (my method),,,17848259.0,2232
Generate grid 50 (my method),,,18828397.0,2356
Generate grid 50 (my method),,,19817880.0,2480
Generate grid 50 (my method),,,20811980.0,2604
Generate grid 50 (my method),,,21787853.0,2728
Generate grid 50 (my method),,,22793901.0,2852
Generate grid 50 (my method),,,23774621.0,2976
Generate grid 50 (my method),,,24754355.0,3100
Generate grid 50 (my method),,,25759163.0,3224
Generate grid 50 (my method),,,26801343.0,3348
Generate grid 50 (my method),,,28075213.0,3472
Generate grid 50 (my method),,,28719029.0,3596
Generate grid 50 (my method),,,29723785.0,3720
Generate grid 50 (my method),,,30746365.0,3844
Generate grid 50 (my method),,,31695732.0,3968
Generate grid 50 (my method),,,32707611.0,4092
Generate grid 50 (my method),,,33712575.0,4216
Generate grid 50 (my method),,,34662119.0,4340
Generate grid 50 (my method),,,35710584.0,4464
Generate grid 50 (my method),,,36646758.0,4588
Generate grid 50 (my method),,,37634285.0,4712
Generate grid 50 (my method),,,38651027.0,4836
Generate grid 50 (my method),,,39604114.0,4960
Generate grid 50 (my method),,,40599271.0,5084
Generate grid 50 (my method),,,41742450.0,5208
Generate grid 50 (my method),,,42571111.0,5332
Generate grid 50 (my method),,,43586560.0,5456
Generate grid 50 (my method),,,44569922.0,5580
Generate grid 50 (my method),,,45674855.0,5704
Generate grid 50 (my method),,,46530992.0,5828
Generate grid 50 (my method),,,47532120.0,5952
Generate grid 50 (my method),,,48514290.0,6076
Generate grid 50 (my method),,,49509450.0,6200
Generate grid 50 (my method),,,50494049.0,6324
Generate grid 50 (my method),,,51475259.0,6448
Generate grid 50 (my method),,,52478444.0,6572
Generate grid 50 (my method),,,53466326.0,6696
Generate grid 50 (my method),,,54508388.0,6820
Generate grid 50 (my method),,,55451482.0,6944
Generate grid 50 (my method),,,56432596.0,7068
Generate grid 50 (my method),,,57423692.0,7192
Generate grid 50 (my method),,,58410048.0,7316
Generate grid 50 (my method),,,59403507.0,7440
Generate grid 50 (my method),,,60460669.0,7564
Generate grid 50 (my method),,,61467298.0,7688
Generate grid 50 (my method),,,62412353.0,7812
Generate grid 50 (my method),,,63590280.0,7936
Generate grid 50 (my method),,,64395913.0,8060
Generate grid 50 (my method),,,65388889.0,8184
Generate grid 50 (my method),,,66336361.0,8308
Generate grid 50 (my method),,,67360970.0,8432
Generate grid 50 (my method),,,68417006.0,8556
Generate grid 50 (my method),,,69311095.0,8680
Generate grid 50 (my method),,,70354593.0,8804
Generate grid 50 (my method),,,71301131.0,8928
Generate grid 50 (my method),,,72291864.0,9052
Generate grid 50 (my method),,,73278843.0,9176
Generate grid 50 (my method),,,74291289.0,9300
Generate grid 50 (my method),,,75319097.0,9424
Generate grid 50 (my method),,,76320699.0,9548
Generate grid 50 (my method),,,77335064.0,9672
Generate grid 50 (my method),,,78222267.0,9796
Generate grid 50 (my method),,,79215012.0,9920
Generate grid 50 (my method),,,80204283.0,10044
Generate grid 50 (my method),,,81237965.0,10168
Generate grid 50 (my method),,,82223392.0,10292
Generate grid 50 (my method),,,83243085.0,10416
Generate grid 50 (my method),,,84212513.0,10540
Generate grid 50 (my method),,,85203287.0,10664
Generate grid 50 (my method),,,86194240.0,10788
Generate grid 50 (my method),,,87173745.0,10912
Generate grid 50 (my method),,,88099345.0,11036
Generate grid 50 (my method),,,89220859.0,11160
Generate grid 50 (my method),,,90132053.0,11284
Generate grid 50 (my method),,,91117703.0,11408
Generate grid 50 (my method),,,92079215.0,11532
Generate grid 50 (my method),,,93067284.0,11656
Generate grid 50 (my method),,,94091187.0,11780
Generate grid 50 (my method),,,95137355.0,11904
Generate grid 50 (my method),,,96139327.0,12028
Generate grid 50 (my method),,,97121157.0,12152
Generate grid 50 (my method),,,98109928.0,12276
Generate grid 50 (my method),,,99162870.0,12400
