group,function,value,sample_time_nanos,iteration_count
Generate grid 100 (my method),,,996581.0,32
Generate grid 100 (my method),,,1992099.0,64
Generate grid 100 (my method),,,2988886.0,96
Generate grid 100 (my method),,,3984221.0,128
Generate grid 100 (my method),,,4992125.0,160
Generate grid 100 (my method),,,5975815.0,192
Generate grid 100 (my method),,,6981622.0,224
Generate grid 100 (my method),,,7969050.0,256
Generate grid 100 (my method),,,8971253.0,288
Generate grid 100 (my method),,,9960848.0,320
Generate grid 100 (my method),,,10957381.0,352
Generate grid 100 (my method),,,11950998.0,384
Generate grid 100 (my method),,,12947533.0,416
Generate grid 100 (my method),,,13948734.0,448
Generate grid 100 (my method),,,14940129.0,480
Generate grid 100 (my method),,,15936905.0,512
Generate grid 100 (my method),,,16936032.0,544
Generate grid 100 (my method),,,17926960.0,576
Generate grid 100 (my method),,,18923905.0,608
Generate grid 100 (my method),,,19950975.0,640
Generate grid 100 (my method),,,20928186.0,672
Generate grid 100 (my method),,,21917367.0,704
Generate grid 100 (my method),,,22910072.0,736
Generate grid 100 (my method),,,23905784.0,768
Generate grid 100 (my method),,,24904827.0,800
Generate grid 100 (my method),,,25897920.0,832
Generate grid 100 (my method),,,26888688.0,864
Generate grid 100 (my method),,,27887852.0,896
Generate grid 100 (my method),,,28880338.0,928
Generate grid 100 (my method),,,29920760.0,960
Generate grid 100 (my method),,,30876712.0,992
Generate grid 100 (my method),,,31875037.0,1024
Generate grid 100 (my method),,,32875103.0,1056
Generate grid 100 (my method),,,33866931.0,1088
Generate grid 100 (my method),,,34866968.0,1120
Generate grid 100 (my method),,,35879074.0,1152
Generate grid 100 (my method),,,36878341.0,1184
Generate grid 100 (my method),,,37885043.0,1216
Generate grid 100 (my method),,,38902869.0,1248
Generate grid 100 (my method),,,39865688.0,1280
Generate grid 100 (my method),,,40850341.0,1312
Generate grid 100 (my method),,,41854584.0,1344
Generate grid 100 (my method),,,42878143.0,1376
Generate grid 100 (my method),,,43850553.0,1408
Generate grid 100 (my method),,,44841672.0,1440
Generate grid 100 (my method),,,45846051.0,1472
Generate grid 100 (my method),,,46837803.0,1504
Generate grid 100 (my method),,,47836092.0,1536
Generate grid 100 (my method),,,48873627.0,1568
Generate grid 100 (my method),,,49834904.0,1600
Generate grid 100 (my method),,,50822457.0,1632
Generate grid 100 (my method),,,51829862.0,1664
Generate grid 100 (my method),,,52816537.0,1696
Generate grid 100 (my method),,,53821266.0,1728
Generate grid 100 (my method),,,54812419.0,1760
Generate grid 100 (my method),,,55805521.0,1792
Generate grid 100 (my method),,,56822296.0,1824
Generate grid 100 (my method),,,57823564.0,1856
Generate grid 100 (my method),,,58860781.0,1888
Generate grid 100 (my method),,,59794157.0,1920
Generate grid 100 (my method),,,60783025.0,1952
Generate grid 100 (my method),,,61801778.0,1984
Generate grid 100 (my method),,,62823028.0,2016
Generate grid 100 (my method),,,63806962.0,2048
Generate grid 100 (my method),,,64774744.0,2080
Generate grid 100 (my method),,,65822997.0,2112
Generate grid 100 (my method),,,66800106.0,2144
Generate grid 100 (my method),,,67767490.0,2176
Generate grid 100 (my method),,,68795412.0,2208
Generate grid 100 (my method),,,69747695.0,2240
Generate grid 100 (my method),,,70750028.0,2272
Generate grid 100 (my method),,,71750644.0,2304
Generate grid 100 (my method),,,72739816.0,2336
Generate grid 100 (my method),,,73884380.0,2368
Generate grid 100 (my method),,,74963232.0,2400
Generate grid 100 (my method),,,75775106.0,2432
Generate grid 100 (my method),,,76735115.0,2464
Generate grid 100 (my method),,,77733313.0,2496
Generate grid 100 (my method),,,78720069.0,2528
Generate grid 100 (my method),,,79757599.0,2560
Generate grid 100 (my method),,,80700537.0,2592
Generate grid 100 (my method),,,81702593.0,2624
Generate grid 100 (my method),,,82692763.0,2656
Generate grid 100 (my method),,,83757777.0,2688
Generate grid 100 (my method),,,84729612.0,2720
Generate grid 100 (my method),,,85860643.0,2752
Generate grid 100 (my method),,,86757476.0,2784
Generate grid 100 (my method),,,87687072.0,2816
Generate grid 100 (my method),,,88683384.0,2848
Generate grid 100 (my method),,,89679830.0,2880
Generate grid 100 (my method),,,90680440.0,2912
Generate grid 100 (my method),,,91722750.0,2944
Generate grid 100 (my method),,,92659700.0,2976
Generate grid 100 (my method),,,93698168.0,3008
Generate grid 100 (my method),,,94659367.0,3040
Generate grid 100 (my method),,,95665591.0,3072
Generate grid 100 (my method),,,96715613.0,3104
Generate grid 100 (my method),,,97772285.0,3136
Generate grid 100 (my method),,,98714384.0,3168
Generate grid 100 (my method),,,99658262.0,3200
