group,function,value,sample_time_nanos,iteration_count
Generate grid 51 (my method),,,998764.0,119
Generate grid 51 (my method),,,1996034.0,238
Generate grid 51 (my method),,,2993655.0,357
Generate grid 51 (my method),,,3992696.0,476
Generate grid 51 (my method),,,5001244.0,595
Generate grid 51 (my method),,,5988479.0,714
Generate grid 51 (my method),,,6995596.0,833
Generate grid 51 (my method),,,7989427.0,952
Generate grid 51 (my method),,,8984218.0,1071
Generate grid 51 (my method),,,9981475.0,1190
Generate grid 51 (my method),,,10981512.0,1309
Generate grid 51 (my method),,,11980549.0,1428
Generate grid 51 (my method),,,12980449.0,1547
Generate grid 51 (my method),,,13972977.0,1666
Generate grid 51 (my method),,,14971601.0,1785
Generate grid 51 (my method),,,15974070.0,1904
Generate grid 51 (my method),,,16969037.0,2023
Generate grid 51 (my method),,,17966806.0,2142
Generate grid 51 (my method),,,18968406.0,2261
Generate grid 51 (my method),,,19963565.0,2380
Generate grid 51 (my method),,,20981505.0,2499
Generate grid 51 (my method),,,21972993.0,2618
Generate grid 51 (my method),,,22957034.0,2737
Generate grid 51 (my method),,,23958562.0,2856
Generate grid 51 (my method),,,24954085.0,2975
Generate grid 51 (my method),,,25958885.0,3094
Generate grid 51 (my method),,,26950955.0,3213
Generate grid 51 (my method),,,27948336.0,3332
Generate grid 51 (my method),,,28947180.0,3451
Generate grid 51 (my method),,,29950124.0,3570
Generate grid 51 (my method),,,30943960.0,3689
Generate grid 51 (my method),,,31940212.0,3808
Generate grid 51 (my method),,,32939800.0,3927
Generate grid 51 (my method),,,33966703.0,4046
Generate grid 51 (my method),,,34938600.0,4165
Generate grid 51 (my method),,,35936709.0,4284
Generate grid 51 (my method),,,36936057.0,4403
Generate grid 51 (my method),,,37959519.0,4522
Generate grid 51 (my method),,,38932562.0,4641
Generate grid 51 (my method),,,40159907.0,4760
Generate grid 51 (my method),,,40924659.0,4879
Generate grid 51 (my method),,,41952531.0,4998
Generate grid 51 (my method),,,42931480.0,5117
Generate grid 51 (my method),,,43919767.0,5236
Generate grid 51 (my method),,,44918242.0,5355
Generate grid 51 (my method),,,45915049.0,5474
Generate grid 51 (my method),,,46917656.0,5593
Generate grid 51 (my method),,,47913337.0,5712
Generate grid 51 (my method),,,49070764.0,5831
Generate grid 51 (my method),,,49921048.0,5950
Generate grid 51 (my method),,,50908809.0,6069
Generate grid 51 (my method),,,51911644.0,6188
Generate grid 51 (my method),,,52906572.0,6307
Generate grid 51 (my method),,,53939543.0,6426
Generate grid 51 (my method),,,54899352.0,6545
Generate grid 51 (my method),,,55896857.0,6664
Generate grid 51 (my method),,,56965134.0,6783
Generate grid 51 (my method),,,57923719.0,6902
Generate grid 51 (my method),,,58921572.0,7021
Generate grid 51 (my method),,,59934455.0,7140
Generate grid 51 (my method),,,60885811.0,7259
Generate grid 51 (my method),,,61901402.0,7378
Generate grid 51 (my method),,,62882892.0,7497
Generate grid 51 (my method),,,63884458.0,7616
Generate grid 51 (my method),,,64885602.0,7735
Generate grid 51 (my method),,,65879709.0,7854
Generate grid 51 (my method),,,66908381.0,7973
Generate grid 51 (my method),,,67879452.0,8092
Generate grid 51 (my method),,,68877833.0,8211
Generate grid 51 (my method),,,69869212.0,8330
Generate grid 51 (my method),,,70873764.0,8449
Generate grid 51 (my method),,,71868739.0,8568
Generate grid 51 (my method),,,72871541.0,8687
Generate grid 51 (my method),,,73921984.0,8806
Generate grid 51 (my method),,,74905511.0,8925
Generate grid 51 (my method),,,75864169.0,9044
Generate grid 51 (my method),,,76853471.0,9163
Generate grid 51 (my method),,,77855341.0,9282
Generate grid 51 (my method),,,79060762.0,9401
Generate grid 51 (my method),,,80040188.0,9520
Generate grid 51 (my method),,,81047752.0,9639
Generate grid 51 (my method),,,82042777.0,9758
Generate grid 51 (my method),,,83024154.0,9877
Generate grid 51 (my method),,,84001063.0,9996
Generate grid 51 (my method),,,84907666.0,10115
Generate grid 51 (my method),,,85867654.0,10234
Generate grid 51 (my method),,,86891623.0,10353
Generate grid 51 (my method),,,87845035.0,10472
Generate grid 51 (my method),,,88857180.0,10591
Generate grid 51 (my method),,,89836194.0,10710
Generate grid 51 (my method),,,90836879.0,10829
Generate grid 51 (my method),,,91865921.0,10948
Generate grid 51 (my method),,,92840693.0,11067
Generate grid 51 (my method),,,93839263.0,11186
Generate grid 51 (my method),,,94859297.0,11305
Generate grid 51 (my method),,,95833851.0,11424
Generate grid 51 (my method),,,96882026.0,11543
Generate grid 51 (my method),,,97891996.0,11662
Generate grid 51 (my method),,,98832552.0,11781
Generate grid 51 (my method),,,99824560.0,11900
